Ano,Mês,Consultor,Percentual
2026,Setembro,Loja,102.24
2026,Setembro,Angela,78.01
2026,Setembro,Camila,132.14
2026,Setembro,Juliana,96.03
2026,Agosto,Juliana,9.4
2026,Agosto,Camila,27.28
2026,Agosto,Angela,61.72
2026,Agosto,Loja,33.03
2026,Julho,Loja,21.15
2026,Julho,Angela,29.26
2026,Julho,Camila,2.96
2026,Julho,Juliana,30.52
2026,Junho,Juliana,41.63
2026,Junho,Camila,38.24
2026,Junho,Angela,23.41
2026,Junho,Loja,34.66
2026,Maio,Juliana,55.32
2026,Maio,Camila,60.66
2026,Maio,Angela,25.61
2026,Maio,Loja,47.56
2026,Abril,Loja,58.6
2026,Abril,Angela,54.21
2026,Abril,Camila,44.68
2026,Abril,Juliana,76.35
2026,Março,Juliana,9.22
2026,Março,Camila,47.77
2026,Março,Angela,18.21
2026,Março,Loja,25.31
2026,Fevereiro,Loja,59.83
2026,Fevereiro,Angela,41.6
2026,Fevereiro,Camila,44.18
2026,Fevereiro,Juliana,92.19
2026,Janeiro,Juliana,69.55
2026,Janeiro,Camila,88.02
2026,Janeiro,Angela,104.1
2026,Janeiro,Loja,87.37
2025,Dezembro,Loja,61.74
2025,Dezembro,Angela,61.39
2025,Dezembro,Camila,65.71
2025,Dezembro,Juliana,57.51
2025,Novembro,Juliana,70.34
2025,Novembro,Camila,86.09
2025,Novembro,Angela,32.55
2025,Novembro,Loja,63.25
2025,Outubro,Loja,14.42
2025,Outubro,Angela,13
2025,Outubro,Camila,7.9
2025,Outubro,Juliana,20.21
2025,Setembro,Juliana,100.06
2025,Setembro,Camila,108.81
2025,Setembro,Angela,92.13
2025,Setembro,Loja,101.18
2025,Agosto,Loja,100.34
2025,Agosto,Angela,77.64
2025,Agosto,Camila,99.67
2025,Agosto,Juliana,120.69
2025,Julho,Juliana,191.3
2025,Julho,Camila,65.78
2025,Julho,Angela,99.01
2025,Julho,Loja,118.74
2025,Junho,Loja,24.31
2025,Junho,Angela,14.96
2025,"Junho
",Camila,20.28
2025,Junho,Juliana,37.55
2025,Maio,Juliana,50.58
2025,Maio,Camila,112.9
2025,Maio,Angela,38.54
2025,Maio,Loja,29.77
2025,Abril,Loja,126.79
2025,Abril,Angela,92.19
2025,Abril,Camila,159.95
2025,Abril,Juliana,138.06
2025,Março,Juliana,65.68
2025,Março,Camila,42.64
2025,Março,Angela,40.99
2025,Março,Loja,46.49
2025,Fevereiro,Loja,124.01
2025,Fevereiro,Angela,102.88
2025,Fevereiro,Camila,159.75
2025,Fevereiro,Juliana,109.24
2025,Janeiro,Juliana,157.39
2025,Janeiro,Camila,178.68
2025,Janeiro,Angela,168.85
2025,Janeiro,Angela,168.36
"

